PO_ID,Vendor_ID,Vendor_Country,Vendor_OTIF_Percent,Vendor_Avg_Past_Delay,Material_ID,Material_Group,Criticality_Flag,Plant_ID,Order_Quantity,Net_Price,Planned_Lead_Time_Days,Order_Month,Incoterms,Actual_Delay_Days
PO100001,VENDOR_A,USA,96,0.6,MAT-1006,Connector,No,PLANT_1000,1500,10.71,4,11,CIF,0.0
PO100002,VENDOR_B,Malaysia,88,2.1,MAT-1002,Control Chip,Yes,PLANT_1000,1200,173.6,8,8,FOB,2.0
PO100003,VENDOR_C,Vietnam,82,3.0,MAT-1005,Housing Component,No,PLANT_1000,200,22.42,6,6,DAP,2.9
PO100004,VENDOR_A,USA,96,0.6,MAT-1001,Sensor,Yes,PLANT_1000,1200,121.33,7,11,FOB,1.2
PO100005,VENDOR_A,USA,96,0.6,MAT-1003,Optical Module,Yes,PLANT_1000,700,140.9,9,3,DAP,1.0
PO100006,VENDOR_B,Malaysia,88,2.1,MAT-1003,Optical Module,Yes,PLANT_1000,2200,172.8,9,2,DAP,2.1
PO100007,VENDOR_C,Vietnam,82,3.0,MAT-1002,Control Chip,Yes,PLANT_1000,500,150.92,9,5,FOB,3.2
PO100008,VENDOR_C,Vietnam,82,3.0,MAT-1001,Sensor,Yes,PLANT_1000,500,102.41,8,1,CIF,3.1
PO100009,VENDOR_A,USA,96,0.6,MAT-1004,Battery Unit,No,PLANT_1000,900,54.69,6,10,FOB,0.5
PO100010,VENDOR_A,USA,96,0.6,MAT-1006,Connector,No,PLANT_1000,900,9.72,4,8,CIF,0.9
PO100011,VENDOR_C,Vietnam,82,3.0,MAT-1005,Housing Component,No,PLANT_1000,900,25.44,6,2,CIF,2.4
PO100012,VENDOR_A,USA,96,0.6,MAT-1002,Control Chip,Yes,PLANT_1000,200,149.97,8,1,FOB,1.0
PO100013,VENDOR_A,USA,96,0.6,MAT-1002,Control Chip,Yes,PLANT_1000,400,155.74,8,11,CIF,0.9
PO100014,VENDOR_C,Vietnam,82,3.0,MAT-1004,Battery Unit,No,PLANT_1000,1800,59.98,7,12,CIF,4.3
PO100015,VENDOR_A,USA,96,0.6,MAT-1001,Sensor,Yes,PLANT_1000,1200,121.33,7,7,CIF,0.0
PO100016,VENDOR_B,Malaysia,88,2.1,MAT-1003,Optical Module,Yes,PLANT_1000,1500,156.0,9,3,CIF,2.6
PO100017,VENDOR_C,Vietnam,82,3.0,MAT-1003,Optical Module,Yes,PLANT_1000,1200,145.82,10,9,FOB,2.2
PO100018,VENDOR_C,Vietnam,82,3.0,MAT-1003,Optical Module,Yes,PLANT_1000,1800,159.94,10,4,FOB,4.4
PO100019,VENDOR_B,Malaysia,88,2.1,MAT-1005,Housing Component,No,PLANT_1000,2200,31.68,5,4,CIF,2.0
PO100020,VENDOR_B,Malaysia,88,2.1,MAT-1002,Control Chip,Yes,PLANT_1000,1800,190.4,8,5,DAP,2.3
PO100021,VENDOR_A,USA,96,0.6,MAT-1006,Connector,No,PLANT_1000,500,9.06,4,11,FOB,0.9
PO100022,VENDOR_A,USA,96,0.6,MAT-1004,Battery Unit,No,PLANT_1000,1500,60.26,6,9,DAP,0.1
PO100023,VENDOR_A,USA,96,0.6,MAT-1003,Optical Module,Yes,PLANT_1000,900,145.85,9,9,CIF,0.2
PO100024,VENDOR_A,USA,96,0.6,MAT-1002,Control Chip,Yes,PLANT_1000,1200,178.81,8,8,FOB,0.4
PO100025,VENDOR_C,Vietnam,82,3.0,MAT-1006,Connector,No,PLANT_1000,900,9.25,5,7,FOB,2.6
PO100026,VENDOR_A,USA,96,0.6,MAT-1002,Control Chip,Yes,PLANT_1000,1200,178.81,8,1,CIF,1.8
PO100027,VENDOR_B,Malaysia,88,2.1,MAT-1003,Optical Module,Yes,PLANT_1000,500,132.0,9,6,CIF,1.6
PO100028,VENDOR_B,Malaysia,88,2.1,MAT-1003,Optical Module,Yes,PLANT_1000,2600,182.4,9,4,FOB,2.8
PO100029,VENDOR_C,Vietnam,82,3.0,MAT-1005,Housing Component,No,PLANT_1000,500,23.72,6,9,FOB,2.6
PO100030,VENDOR_B,Malaysia,88,2.1,MAT-1001,Sensor,Yes,PLANT_1000,1500,123.5,7,3,FOB,2.0
PO100031,VENDOR_A,USA,96,0.6,MAT-1006,Connector,No,PLANT_1000,700,9.39,4,8,DAP,0.0
PO100032,VENDOR_A,USA,96,0.6,MAT-1006,Connector,No,PLANT_1000,500,9.06,4,10,CIF,0.0
PO100033,VENDOR_C,Vietnam,82,3.0,MAT-1004,Battery Unit,No,PLANT_1000,500,48.51,7,12,DAP,2.2
PO100034,VENDOR_C,Vietnam,82,3.0,MAT-1002,Control Chip,Yes,PLANT_1000,700,156.41,9,9,CIF,2.9
PO100035,VENDOR_C,Vietnam,82,3.0,MAT-1006,Connector,No,PLANT_1000,1800,10.66,5,8,DAP,3.9
PO100036,VENDOR_A,USA,96,0.6,MAT-1006,Connector,No,PLANT_1000,200,8.57,4,9,FOB,1.4
PO100037,VENDOR_B,Malaysia,88,2.1,MAT-1004,Battery Unit,No,PLANT_1000,400,48.6,6,9,FOB,1.3
PO100038,VENDOR_A,USA,96,0.6,MAT-1005,Housing Component,No,PLANT_1000,1200,28.1,5,3,CIF,0.4
PO100039,VENDOR_A,USA,96,0.6,MAT-1003,Optical Module,Yes,PLANT_1000,500,135.96,9,7,CIF,0.6
PO100040,VENDOR_C,Vietnam,82,3.0,MAT-1003,Optical Module,Yes,PLANT_1000,900,138.77,10,5,CIF,2.8
PO100041,VENDOR_B,Malaysia,88,2.1,MAT-1002,Control Chip,Yes,PLANT_1000,900,165.2,8,3,DAP,0.9
PO100042,VENDOR_C,Vietnam,82,3.0,MAT-1005,Housing Component,No,PLANT_1000,2200,31.05,6,5,FOB,3.7
PO100043,VENDOR_C,Vietnam,82,3.0,MAT-1006,Connector,No,PLANT_1000,300,8.31,5,1,FOB,2.3
PO100044,VENDOR_B,Malaysia,88,2.1,MAT-1003,Optical Module,Yes,PLANT_1000,2200,172.8,10,10,CIF,3.5
PO100045,VENDOR_B,Malaysia,88,2.1,MAT-1001,Sensor,Yes,PLANT_1000,700,108.3,7,6,FOB,1.4
PO100046,VENDOR_C,Vietnam,82,3.0,MAT-1001,Sensor,Yes,PLANT_1000,700,106.13,8,6,FOB,2.0
PO100047,VENDOR_C,Vietnam,82,3.0,MAT-1005,Housing Component,No,PLANT_1000,1200,26.73,6,9,FOB,2.3
PO100048,VENDOR_C,Vietnam,82,3.0,MAT-1001,Sensor,Yes,PLANT_1000,300,98.69,8,2,CIF,2.3
PO100049,VENDOR_A,USA,96,0.6,MAT-1003,Optical Module,Yes,PLANT_1000,1200,153.26,9,6,FOB,0.4
PO100050,VENDOR_B,Malaysia,88,2.1,MAT-1005,Housing Component,No,PLANT_1000,2600,33.44,6,12,CIF,3.0
PO100051,VENDOR_C,Vietnam,82,3.0,MAT-1002,Control Chip,Yes,PLANT_1000,1200,170.13,9,3,CIF,2.7
PO100052,VENDOR_A,USA,96,0.6,MAT-1005,Housing Component,No,PLANT_1000,700,25.83,5,3,FOB,0.7
PO100053,VENDOR_A,USA,96,0.6,MAT-1006,Connector,No,PLANT_1000,700,9.39,4,7,CIF,0.0
PO100054,VENDOR_A,USA,96,0.6,MAT-1002,Control Chip,Yes,PLANT_1000,1200,178.81,8,5,CIF,0.5
PO100055,VENDOR_B,Malaysia,88,2.1,MAT-1003,Optical Module,Yes,PLANT_1000,200,124.8,9,7,CIF,1.6
PO100056,VENDOR_A,USA,96,0.6,MAT-1002,Control Chip,Yes,PLANT_1000,400,155.74,8,4,FOB,0.7
PO100057,VENDOR_C,Vietnam,82,3.0,MAT-1005,Housing Component,No,PLANT_1000,400,23.28,6,4,FOB,3.3
PO100058,VENDOR_B,Malaysia,88,2.1,MAT-1001,Sensor,Yes,PLANT_1000,1200,117.8,8,10,CIF,2.6
PO100059,VENDOR_C,Vietnam,82,3.0,MAT-1004,Battery Unit,No,PLANT_1000,1200,54.68,7,4,DAP,2.7
PO100060,VENDOR_B,Malaysia,88,2.1,MAT-1004,Battery Unit,No,PLANT_1000,700,51.3,6,1,CIF,1.9
PO100061,VENDOR_C,Vietnam,82,3.0,MAT-1003,Optical Module,Yes,PLANT_1000,1200,145.82,10,1,FOB,2.4
PO100062,VENDOR_A,USA,96,0.6,MAT-1001,Sensor,Yes,PLANT_1000,1200,121.33,7,2,FOB,0.2
PO100063,VENDOR_A,USA,96,0.6,MAT-1005,Housing Component,No,PLANT_1000,700,25.83,5,10,FOB,1.4
PO100064,VENDOR_A,USA,96,0.6,MAT-1006,Connector,No,PLANT_1000,1500,10.71,4,8,DAP,0.2
PO100065,VENDOR_A,USA,96,0.6,MAT-1001,Sensor,Yes,PLANT_1000,900,115.46,7,9,CIF,0.1
PO100066,VENDOR_A,USA,96,0.6,MAT-1004,Battery Unit,No,PLANT_1000,2200,66.74,6,7,DAP,0.4
PO100067,VENDOR_B,Malaysia,88,2.1,MAT-1005,Housing Component,No,PLANT_1000,500,24.2,5,9,FOB,1.7
PO100068,VENDOR_A,USA,96,0.6,MAT-1002,Control Chip,Yes,PLANT_1000,700,164.39,8,3,FOB,2.3
PO100069,VENDOR_C,Vietnam,82,3.0,MAT-1001,Sensor,Yes,PLANT_1000,2200,134.06,8,7,CIF,3.5
PO100070,VENDOR_A,USA,96,0.6,MAT-1001,Sensor,Yes,PLANT_1000,500,107.64,7,12,CIF,0.0
PO100071,VENDOR_C,Vietnam,82,3.0,MAT-1005,Housing Component,No,PLANT_1000,300,22.85,6,9,DAP,3.0
PO100072,VENDOR_C,Vietnam,82,3.0,MAT-1004,Battery Unit,No,PLANT_1000,1200,54.68,7,10,FOB,2.7
PO100073,VENDOR_A,USA,96,0.6,MAT-1005,Housing Component,No,PLANT_1000,700,25.83,5,10,DAP,0.2
PO100074,VENDOR_A,USA,96,0.6,MAT-1004,Battery Unit,No,PLANT_1000,1800,63.04,6,1,FOB,0.0
PO100075,VENDOR_C,Vietnam,82,3.0,MAT-1004,Battery Unit,No,PLANT_1000,700,50.27,7,4,FOB,2.7
PO100076,VENDOR_B,Malaysia,88,2.1,MAT-1006,Connector,No,PLANT_1000,700,9.12,4,7,FOB,2.5
PO100077,VENDOR_B,Malaysia,88,2.1,MAT-1004,Battery Unit,No,PLANT_1000,300,47.7,6,4,FOB,2.4
PO100078,VENDOR_B,Malaysia,88,2.1,MAT-1006,Connector,No,PLANT_1000,500,8.8,5,12,DAP,3.3
PO100079,VENDOR_A,USA,96,0.6,MAT-1006,Connector,No,PLANT_1000,2600,12.52,4,12,CIF,0.3
PO100080,VENDOR_C,Vietnam,82,3.0,MAT-1006,Connector,No,PLANT_1000,900,9.25,5,4,DAP,2.2
PO100081,VENDOR_B,Malaysia,88,2.1,MAT-1004,Battery Unit,No,PLANT_1000,1200,55.8,6,1,CIF,1.7
PO100082,VENDOR_B,Malaysia,88,2.1,MAT-1002,Control Chip,Yes,PLANT_1000,1200,173.6,9,12,FOB,4.0
PO100083,VENDOR_A,USA,96,0.6,MAT-1002,Control Chip,Yes,PLANT_1000,2600,219.18,8,5,DAP,1.0
PO100084,VENDOR_A,USA,96,0.6,MAT-1005,Housing Component,No,PLANT_1000,500,24.93,5,12,FOB,1.4
PO100085,VENDOR_A,USA,96,0.6,MAT-1006,Connector,No,PLANT_1000,1500,10.71,4,3,CIF,0.7
PO100086,VENDOR_C,Vietnam,82,3.0,MAT-1001,Sensor,Yes,PLANT_1000,700,106.13,8,7,DAP,2.1
PO100087,VENDOR_B,Malaysia,88,2.1,MAT-1006,Connector,No,PLANT_1000,1200,9.92,5,11,FOB,3.3
PO100088,VENDOR_B,Malaysia,88,2.1,MAT-1002,Control Chip,Yes,PLANT_1000,1800,190.4,8,7,DAP,2.7
PO100089,VENDOR_C,Vietnam,82,3.0,MAT-1006,Connector,No,PLANT_1000,1200,9.72,5,5,CIF,2.1
PO100090,VENDOR_A,USA,96,0.6,MAT-1002,Control Chip,Yes,PLANT_1000,2200,207.65,8,1,CIF,1.7
PO100091,VENDOR_A,USA,96,0.6,MAT-1004,Battery Unit,No,PLANT_1000,700,52.84,6,2,FOB,0.7
PO100092,VENDOR_C,Vietnam,82,3.0,MAT-1004,Battery Unit,No,PLANT_1000,1500,57.33,7,12,DAP,3.1
PO100093,VENDOR_A,USA,96,0.6,MAT-1005,Housing Component,No,PLANT_1000,300,24.02,5,1,FOB,0.8
PO100094,VENDOR_B,Malaysia,88,2.1,MAT-1002,Control Chip,Yes,PLANT_1000,1200,173.6,8,6,DAP,2.4
PO100095,VENDOR_B,Malaysia,88,2.1,MAT-1004,Battery Unit,No,PLANT_1000,300,47.7,7,11,CIF,2.3
PO100096,VENDOR_C,Vietnam,82,3.0,MAT-1002,Control Chip,Yes,PLANT_1000,1800,186.59,9,10,DAP,5.0
PO100097,VENDOR_A,USA,96,0.6,MAT-1006,Connector,No,PLANT_1000,1500,10.71,4,10,FOB,0.6
PO100098,VENDOR_A,USA,96,0.6,MAT-1002,Control Chip,Yes,PLANT_1000,500,158.62,8,11,FOB,0.6
PO100099,VENDOR_A,USA,96,0.6,MAT-1001,Sensor,Yes,PLANT_1000,300,103.72,7,11,CIF,0.2
PO100100,VENDOR_C,Vietnam,82,3.0,MAT-1003,Optical Module,Yes,PLANT_1000,1200,145.82,10,2,FOB,2.3
PO100101,VENDOR_C,Vietnam,82,3.0,MAT-1002,Control Chip,Yes,PLANT_1000,400,148.18,9,10,FOB,2.8
PO100102,VENDOR_A,USA,96,0.6,MAT-1003,Optical Module,Yes,PLANT_1000,1200,153.26,9,10,FOB,0.3
PO100103,VENDOR_C,Vietnam,82,3.0,MAT-1004,Battery Unit,No,PLANT_1000,1800,59.98,7,8,DAP,3.4
PO100104,VENDOR_C,Vietnam,82,3.0,MAT-1005,Housing Component,No,PLANT_1000,400,23.28,6,4,FOB,2.5
PO100105,VENDOR_B,Malaysia,88,2.1,MAT-1004,Battery Unit,No,PLANT_1000,900,53.1,6,7,CIF,1.9
PO100106,VENDOR_C,Vietnam,82,3.0,MAT-1005,Housing Component,No,PLANT_1000,300,22.85,6,12,FOB,2.2
PO100107,VENDOR_B,Malaysia,88,2.1,MAT-1002,Control Chip,Yes,PLANT_1000,1500,182.0,8,9,FOB,3.0
PO100108,VENDOR_A,USA,96,0.6,MAT-1004,Battery Unit,No,PLANT_1000,1800,63.04,6,9,CIF,0.5
PO100109,VENDOR_B,Malaysia,88,2.1,MAT-1005,Housing Component,No,PLANT_1000,300,23.32,5,2,CIF,2.4
PO100110,VENDOR_B,Malaysia,88,2.1,MAT-1001,Sensor,Yes,PLANT_1000,500,104.5,7,9,DAP,1.7
PO100111,VENDOR_B,Malaysia,88,2.1,MAT-1002,Control Chip,Yes,PLANT_1000,2600,212.8,9,11,CIF,3.7
PO100112,VENDOR_A,USA,96,0.6,MAT-1002,Control Chip,Yes,PLANT_1000,1800,196.11,8,4,FOB,1.1
PO100113,VENDOR_C,Vietnam,82,3.0,MAT-1001,Sensor,Yes,PLANT_1000,300,98.69,8,9,CIF,2.5
PO100114,VENDOR_A,USA,96,0.6,MAT-1003,Optical Module,Yes,PLANT_1000,2200,177.98,9,12,FOB,1.2
PO100115,VENDOR_C,Vietnam,82,3.0,MAT-1003,Optical Module,Yes,PLANT_1000,1200,145.82,10,6,DAP,3.4
PO100116,VENDOR_A,USA,96,0.6,MAT-1005,Housing Component,No,PLANT_1000,2600,34.44,5,6,CIF,1.1
PO100117,VENDOR_A,USA,96,0.6,MAT-1005,Housing Component,No,PLANT_1000,300,24.02,5,12,CIF,0.7
PO100118,VENDOR_A,USA,96,0.6,MAT-1003,Optical Module,Yes,PLANT_1000,1200,153.26,9,11,FOB,0.1
PO100119,VENDOR_B,Malaysia,88,2.1,MAT-1004,Battery Unit,No,PLANT_1000,2600,68.4,7,10,FOB,3.1
PO100120,VENDOR_B,Malaysia,88,2.1,MAT-1005,Housing Component,No,PLANT_1000,900,25.96,6,11,CIF,3.5
PO100121,VENDOR_C,Vietnam,82,3.0,MAT-1001,Sensor,Yes,PLANT_1000,1800,126.62,8,5,DAP,4.1
PO100122,VENDOR_C,Vietnam,82,3.0,MAT-1002,Control Chip,Yes,PLANT_1000,2200,197.57,9,3,CIF,4.1
PO100123,VENDOR_A,USA,96,0.6,MAT-1005,Housing Component,No,PLANT_1000,1500,29.46,5,11,FOB,0.4
PO100124,VENDOR_C,Vietnam,82,3.0,MAT-1004,Battery Unit,No,PLANT_1000,1800,59.98,7,10,FOB,3.7
PO100125,VENDOR_B,Malaysia,88,2.1,MAT-1004,Battery Unit,No,PLANT_1000,700,51.3,6,8,FOB,1.0
PO100126,VENDOR_B,Malaysia,88,2.1,MAT-1003,Optical Module,Yes,PLANT_1000,700,136.8,9,9,FOB,1.9
PO100127,VENDOR_B,Malaysia,88,2.1,MAT-1001,Sensor,Yes,PLANT_1000,1200,117.8,7,8,FOB,1.9
PO100128,VENDOR_A,USA,96,0.6,MAT-1001,Sensor,Yes,PLANT_1000,900,115.46,7,1,DAP,0.5
PO100129,VENDOR_C,Vietnam,82,3.0,MAT-1001,Sensor,Yes,PLANT_1000,1200,115.44,8,1,DAP,2.0
PO100130,VENDOR_B,Malaysia,88,2.1,MAT-1003,Optical Module,Yes,PLANT_1000,700,136.8,10,10,DAP,3.1
PO100131,VENDOR_A,USA,96,0.6,MAT-1005,Housing Component,No,PLANT_1000,1200,28.1,5,8,CIF,0.0
PO100132,VENDOR_B,Malaysia,88,2.1,MAT-1005,Housing Component,No,PLANT_1000,1200,27.28,6,11,CIF,4.5
PO100133,VENDOR_B,Malaysia,88,2.1,MAT-1002,Control Chip,Yes,PLANT_1000,1500,182.0,8,5,DAP,1.6
PO100134,VENDOR_B,Malaysia,88,2.1,MAT-1002,Control Chip,Yes,PLANT_1000,400,151.2,9,11,CIF,3.1
PO100135,VENDOR_B,Malaysia,88,2.1,MAT-1004,Battery Unit,No,PLANT_1000,1800,61.2,6,8,DAP,2.3
PO100136,VENDOR_C,Vietnam,82,3.0,MAT-1005,Housing Component,No,PLANT_1000,1500,28.03,6,10,FOB,2.8
PO100137,VENDOR_A,USA,96,0.6,MAT-1001,Sensor,Yes,PLANT_1000,1800,133.08,7,8,DAP,0.5
PO100138,VENDOR_A,USA,96,0.6,MAT-1002,Control Chip,Yes,PLANT_1000,2200,207.65,8,7,DAP,0.6
PO100139,VENDOR_B,Malaysia,88,2.1,MAT-1004,Battery Unit,No,PLANT_1000,700,51.3,6,5,CIF,2.0
PO100140,VENDOR_B,Malaysia,88,2.1,MAT-1001,Sensor,Yes,PLANT_1000,900,112.1,7,4,DAP,1.2
PO100141,VENDOR_A,USA,96,0.6,MAT-1002,Control Chip,Yes,PLANT_1000,2200,207.65,8,2,CIF,1.3
PO100142,VENDOR_A,USA,96,0.6,MAT-1001,Sensor,Yes,PLANT_1000,700,111.55,7,1,CIF,0.0
PO100143,VENDOR_B,Malaysia,88,2.1,MAT-1001,Sensor,Yes,PLANT_1000,900,112.1,7,5,DAP,2.5
PO100144,VENDOR_C,Vietnam,82,3.0,MAT-1004,Battery Unit,No,PLANT_1000,900,52.04,7,8,CIF,1.7
PO100145,VENDOR_A,USA,96,0.6,MAT-1005,Housing Component,No,PLANT_1000,1500,29.46,5,11,FOB,1.6
PO100146,VENDOR_A,USA,96,0.6,MAT-1005,Housing Component,No,PLANT_1000,300,24.02,5,3,DAP,0.0
PO100147,VENDOR_B,Malaysia,88,2.1,MAT-1004,Battery Unit,No,PLANT_1000,900,53.1,7,12,CIF,3.0
PO100148,VENDOR_A,USA,96,0.6,MAT-1001,Sensor,Yes,PLANT_1000,700,111.55,7,3,FOB,0.7
PO100149,VENDOR_B,Malaysia,88,2.1,MAT-1003,Optical Module,Yes,PLANT_1000,2600,182.4,9,7,DAP,2.0
PO100150,VENDOR_B,Malaysia,88,2.1,MAT-1002,Control Chip,Yes,PLANT_1000,1200,173.6,8,7,FOB,2.6
PO100151,VENDOR_A,USA,96,0.6,MAT-1005,Housing Component,No,PLANT_1000,1800,30.82,5,3,CIF,0.8
PO100152,VENDOR_C,Vietnam,82,3.0,MAT-1004,Battery Unit,No,PLANT_1000,2600,67.03,7,11,DAP,3.8
PO100153,VENDOR_A,USA,96,0.6,MAT-1003,Optical Module,Yes,PLANT_1000,1800,168.1,9,7,FOB,0.4
PO100154,VENDOR_C,Vietnam,82,3.0,MAT-1005,Housing Component,No,PLANT_1000,500,23.72,6,4,DAP,3.0
PO100155,VENDOR_A,USA,96,0.6,MAT-1001,Sensor,Yes,PLANT_1000,1200,121.33,7,4,FOB,0.0
PO100156,VENDOR_A,USA,96,0.6,MAT-1006,Connector,No,PLANT_1000,1500,10.71,4,6,FOB,1.3
PO100157,VENDOR_B,Malaysia,88,2.1,MAT-1006,Connector,No,PLANT_1000,1500,10.4,4,7,FOB,2.8
PO100158,VENDOR_A,USA,96,0.6,MAT-1001,Sensor,Yes,PLANT_1000,700,111.55,7,11,FOB,0.9
PO100159,VENDOR_C,Vietnam,82,3.0,MAT-1004,Battery Unit,No,PLANT_1000,200,45.86,7,5,DAP,2.3
PO100160,VENDOR_A,USA,96,0.6,MAT-1004,Battery Unit,No,PLANT_1000,900,54.69,6,9,CIF,0.0
PO100161,VENDOR_A,USA,96,0.6,MAT-1001,Sensor,Yes,PLANT_1000,1800,133.08,7,11,DAP,1.3
PO100162,VENDOR_B,Malaysia,88,2.1,MAT-1001,Sensor,Yes,PLANT_1000,700,108.3,7,1,FOB,2.6
PO100163,VENDOR_B,Malaysia,88,2.1,MAT-1001,Sensor,Yes,PLANT_1000,2200,136.8,8,12,FOB,3.8
PO100164,VENDOR_A,USA,96,0.6,MAT-1005,Housing Component,No,PLANT_1000,700,25.83,5,11,CIF,0.3
PO100165,VENDOR_A,USA,96,0.6,MAT-1004,Battery Unit,No,PLANT_1000,700,52.84,6,2,DAP,0.2
PO100166,VENDOR_A,USA,96,0.6,MAT-1004,Battery Unit,No,PLANT_1000,1200,57.47,6,3,FOB,0.0
PO100167,VENDOR_B,Malaysia,88,2.1,MAT-1004,Battery Unit,No,PLANT_1000,1200,55.8,6,2,CIF,1.1
PO100168,VENDOR_B,Malaysia,88,2.1,MAT-1005,Housing Component,No,PLANT_1000,700,25.08,5,8,FOB,1.3
PO100169,VENDOR_C,Vietnam,82,3.0,MAT-1005,Housing Component,No,PLANT_1000,2600,32.77,6,12,FOB,3.7
PO100170,VENDOR_C,Vietnam,82,3.0,MAT-1006,Connector,No,PLANT_1000,2200,11.29,5,1,FOB,3.6
PO100171,VENDOR_A,USA,96,0.6,MAT-1004,Battery Unit,No,PLANT_1000,1500,60.26,6,8,CIF,0.8
PO100172,VENDOR_B,Malaysia,88,2.1,MAT-1006,Connector,No,PLANT_1000,900,9.44,4,2,FOB,2.3
PO100173,VENDOR_C,Vietnam,82,3.0,MAT-1006,Connector,No,PLANT_1000,1200,9.72,5,10,DAP,1.6
PO100174,VENDOR_A,USA,96,0.6,MAT-1001,Sensor,Yes,PLANT_1000,500,107.64,7,7,DAP,1.4
PO100175,VENDOR_C,Vietnam,82,3.0,MAT-1006,Connector,No,PLANT_1000,1500,10.19,5,2,FOB,3.2
PO100176,VENDOR_B,Malaysia,88,2.1,MAT-1004,Battery Unit,No,PLANT_1000,500,49.5,6,8,FOB,0.6
PO100177,VENDOR_A,USA,96,0.6,MAT-1004,Battery Unit,No,PLANT_1000,700,52.84,6,8,FOB,1.2
PO100178,VENDOR_B,Malaysia,88,2.1,MAT-1004,Battery Unit,No,PLANT_1000,900,53.1,6,2,FOB,2.0
PO100179,VENDOR_C,Vietnam,82,3.0,MAT-1003,Optical Module,Yes,PLANT_1000,1800,159.94,10,3,FOB,4.5
PO100180,VENDOR_C,Vietnam,82,3.0,MAT-1005,Housing Component,No,PLANT_1000,200,22.42,6,7,FOB,3.0
PO100181,VENDOR_A,USA,96,0.6,MAT-1001,Sensor,Yes,PLANT_1000,1200,121.33,7,12,DAP,0.0
PO100182,VENDOR_B,Malaysia,88,2.1,MAT-1002,Control Chip,Yes,PLANT_1000,900,165.2,8,3,FOB,1.3
PO100183,VENDOR_C,Vietnam,82,3.0,MAT-1005,Housing Component,No,PLANT_1000,200,22.42,6,5,FOB,2.5
PO100184,VENDOR_A,USA,96,0.6,MAT-1004,Battery Unit,No,PLANT_1000,2200,66.74,6,12,DAP,0.3
PO100185,VENDOR_A,USA,96,0.6,MAT-1004,Battery Unit,No,PLANT_1000,1800,63.04,6,7,DAP,1.2
PO100186,VENDOR_A,USA,96,0.6,MAT-1006,Connector,No,PLANT_1000,700,9.39,4,11,DAP,0.0
PO100187,VENDOR_A,USA,96,0.6,MAT-1005,Housing Component,No,PLANT_1000,200,23.57,5,10,FOB,0.8
PO100188,VENDOR_B,Malaysia,88,2.1,MAT-1002,Control Chip,Yes,PLANT_1000,2200,201.6,8,9,DAP,2.4
PO100189,VENDOR_A,USA,96,0.6,MAT-1003,Optical Module,Yes,PLANT_1000,900,145.85,9,2,DAP,0.4
PO100190,VENDOR_B,Malaysia,88,2.1,MAT-1005,Housing Component,No,PLANT_1000,1200,27.28,5,9,CIF,2.1
PO100191,VENDOR_A,USA,96,0.6,MAT-1006,Connector,No,PLANT_1000,500,9.06,4,3,CIF,0.4
PO100192,VENDOR_C,Vietnam,82,3.0,MAT-1005,Housing Component,No,PLANT_1000,700,24.58,6,2,FOB,2.5
PO100193,VENDOR_A,USA,96,0.6,MAT-1005,Housing Component,No,PLANT_1000,900,26.74,5,10,DAP,0.2
PO100194,VENDOR_C,Vietnam,82,3.0,MAT-1004,Battery Unit,No,PLANT_1000,1200,54.68,7,8,CIF,2.9
PO100195,VENDOR_A,USA,96,0.6,MAT-1006,Connector,No,PLANT_1000,1800,11.21,4,3,FOB,0.4
PO100196,VENDOR_A,USA,96,0.6,MAT-1002,Control Chip,Yes,PLANT_1000,1200,178.81,8,5,CIF,0.5
PO100197,VENDOR_C,Vietnam,82,3.0,MAT-1001,Sensor,Yes,PLANT_1000,2600,141.51,8,11,CIF,3.9
PO100198,VENDOR_C,Vietnam,82,3.0,MAT-1001,Sensor,Yes,PLANT_1000,1800,126.62,8,2,CIF,4.4
PO100199,VENDOR_A,USA,96,0.6,MAT-1002,Control Chip,Yes,PLANT_1000,2600,219.18,8,11,CIF,1.4
PO100200,VENDOR_B,Malaysia,88,2.1,MAT-1005,Housing Component,No,PLANT_1000,500,24.2,5,6,FOB,1.2
PO100201,VENDOR_B,Malaysia,88,2.1,MAT-1005,Housing Component,No,PLANT_1000,1200,27.28,6,12,DAP,2.8
PO100202,VENDOR_A,USA,96,0.6,MAT-1005,Housing Component,No,PLANT_1000,1200,28.1,5,6,CIF,0.5
PO100203,VENDOR_A,USA,96,0.6,MAT-1001,Sensor,Yes,PLANT_1000,1800,133.08,7,2,DAP,0.8
PO100204,VENDOR_A,USA,96,0.6,MAT-1001,Sensor,Yes,PLANT_1000,700,111.55,7,6,DAP,0.0
PO100205,VENDOR_A,USA,96,0.6,MAT-1001,Sensor,Yes,PLANT_1000,500,107.64,7,2,DAP,0.0
PO100206,VENDOR_A,USA,96,0.6,MAT-1005,Housing Component,No,PLANT_1000,400,24.47,5,11,FOB,0.0
PO100207,VENDOR_B,Malaysia,88,2.1,MAT-1004,Battery Unit,No,PLANT_1000,1800,61.2,7,11,DAP,2.2
PO100208,VENDOR_A,USA,96,0.6,MAT-1005,Housing Component,No,PLANT_1000,400,24.47,5,2,FOB,0.3
PO100209,VENDOR_B,Malaysia,88,2.1,MAT-1003,Optical Module,Yes,PLANT_1000,900,141.6,10,12,DAP,3.4
PO100210,VENDOR_C,Vietnam,82,3.0,MAT-1005,Housing Component,No,PLANT_1000,1500,28.03,6,2,CIF,2.3
PO100211,VENDOR_A,USA,96,0.6,MAT-1001,Sensor,Yes,PLANT_1000,2600,148.73,7,12,FOB,1.7
PO100212,VENDOR_A,USA,96,0.6,MAT-1004,Battery Unit,No,PLANT_1000,400,50.06,6,9,CIF,1.1
PO100213,VENDOR_A,USA,96,0.6,MAT-1004,Battery Unit,No,PLANT_1000,500,50.99,6,8,CIF,0.2
PO100214,VENDOR_B,Malaysia,88,2.1,MAT-1002,Control Chip,Yes,PLANT_1000,1800,190.4,8,9,DAP,1.1
PO100215,VENDOR_A,USA,96,0.6,MAT-1003,Optical Module,Yes,PLANT_1000,400,133.49,9,8,FOB,0.7
PO100216,VENDOR_B,Malaysia,88,2.1,MAT-1002,Control Chip,Yes,PLANT_1000,900,165.2,8,1,FOB,2.1
PO100217,VENDOR_A,USA,96,0.6,MAT-1003,Optical Module,Yes,PLANT_1000,1800,168.1,9,1,FOB,1.0
PO100218,VENDOR_A,USA,96,0.6,MAT-1006,Connector,No,PLANT_1000,1200,10.22,4,10,DAP,0.7
PO100219,VENDOR_A,USA,96,0.6,MAT-1001,Sensor,Yes,PLANT_1000,2200,140.9,7,1,FOB,1.0
PO100220,VENDOR_B,Malaysia,88,2.1,MAT-1004,Battery Unit,No,PLANT_1000,1200,55.8,6,9,DAP,1.9
PO100221,VENDOR_B,Malaysia,88,2.1,MAT-1005,Housing Component,No,PLANT_1000,900,25.96,6,11,CIF,4.2
PO100222,VENDOR_C,Vietnam,82,3.0,MAT-1003,Optical Module,Yes,PLANT_1000,400,127.01,10,9,FOB,3.3
PO100223,VENDOR_B,Malaysia,88,2.1,MAT-1004,Battery Unit,No,PLANT_1000,400,48.6,7,12,DAP,2.5
PO100224,VENDOR_C,Vietnam,82,3.0,MAT-1004,Battery Unit,No,PLANT_1000,400,47.63,7,3,FOB,2.3
PO100225,VENDOR_B,Malaysia,88,2.1,MAT-1002,Control Chip,Yes,PLANT_1000,2600,212.8,8,8,CIF,2.6
PO100226,VENDOR_A,USA,96,0.6,MAT-1001,Sensor,Yes,PLANT_1000,1800,133.08,7,1,FOB,0.5
PO100227,VENDOR_C,Vietnam,82,3.0,MAT-1003,Optical Module,Yes,PLANT_1000,700,134.06,10,8,FOB,2.1
PO100228,VENDOR_B,Malaysia,88,2.1,MAT-1003,Optical Module,Yes,PLANT_1000,1200,148.8,9,2,DAP,2.7
PO100229,VENDOR_B,Malaysia,88,2.1,MAT-1006,Connector,No,PLANT_1000,2200,11.52,5,10,FOB,4.0
PO100230,VENDOR_B,Malaysia,88,2.1,MAT-1001,Sensor,Yes,PLANT_1000,700,108.3,7,8,CIF,2.3
PO100231,VENDOR_B,Malaysia,88,2.1,MAT-1003,Optical Module,Yes,PLANT_1000,400,129.6,9,2,DAP,1.0
PO100232,VENDOR_C,Vietnam,82,3.0,MAT-1003,Optical Module,Yes,PLANT_1000,900,138.77,10,8,CIF,2.6
PO100233,VENDOR_A,USA,96,0.6,MAT-1004,Battery Unit,No,PLANT_1000,2600,70.45,6,9,FOB,0.0
PO100234,VENDOR_C,Vietnam,82,3.0,MAT-1001,Sensor,Yes,PLANT_1000,700,106.13,8,7,FOB,3.1
PO100235,VENDOR_A,USA,96,0.6,MAT-1001,Sensor,Yes,PLANT_1000,700,111.55,7,10,CIF,0.3
PO100236,VENDOR_B,Malaysia,88,2.1,MAT-1006,Connector,No,PLANT_1000,400,8.64,4,9,FOB,1.3
PO100237,VENDOR_A,USA,96,0.6,MAT-1005,Housing Component,No,PLANT_1000,900,26.74,5,5,DAP,0.0
PO100238,VENDOR_C,Vietnam,82,3.0,MAT-1004,Battery Unit,No,PLANT_1000,300,46.75,7,11,FOB,3.4
PO100239,VENDOR_A,USA,96,0.6,MAT-1004,Battery Unit,No,PLANT_1000,200,48.2,6,4,CIF,0.1
PO100240,VENDOR_A,USA,96,0.6,MAT-1001,Sensor,Yes,PLANT_1000,200,101.76,7,3,FOB,0.3
PO100241,VENDOR_C,Vietnam,82,3.0,MAT-1006,Connector,No,PLANT_1000,200,8.15,5,11,FOB,2.6
PO100242,VENDOR_A,USA,96,0.6,MAT-1004,Battery Unit,No,PLANT_1000,1200,57.47,6,7,FOB,0.7
PO100243,VENDOR_A,USA,96,0.6,MAT-1002,Control Chip,Yes,PLANT_1000,400,155.74,8,2,CIF,0.4
PO100244,VENDOR_C,Vietnam,82,3.0,MAT-1001,Sensor,Yes,PLANT_1000,1200,115.44,8,2,DAP,3.1
PO100245,VENDOR_A,USA,96,0.6,MAT-1001,Sensor,Yes,PLANT_1000,1200,121.33,7,2,DAP,0.0
PO100246,VENDOR_C,Vietnam,82,3.0,MAT-1004,Battery Unit,No,PLANT_1000,1200,54.68,7,1,DAP,2.2
PO100247,VENDOR_C,Vietnam,82,3.0,MAT-1004,Battery Unit,No,PLANT_1000,300,46.75,7,9,CIF,2.4
PO100248,VENDOR_C,Vietnam,82,3.0,MAT-1005,Housing Component,No,PLANT_1000,300,22.85,6,9,CIF,2.5
PO100249,VENDOR_C,Vietnam,82,3.0,MAT-1006,Connector,No,PLANT_1000,1500,10.19,5,3,DAP,2.1
PO100250,VENDOR_C,Vietnam,82,3.0,MAT-1001,Sensor,Yes,PLANT_1000,1200,115.44,8,6,FOB,3.2
PO100251,VENDOR_B,Malaysia,88,2.1,MAT-1004,Battery Unit,No,PLANT_1000,700,51.3,6,5,CIF,2.2
PO100252,VENDOR_B,Malaysia,88,2.1,MAT-1001,Sensor,Yes,PLANT_1000,1200,117.8,8,11,CIF,4.2
PO100253,VENDOR_B,Malaysia,88,2.1,MAT-1003,Optical Module,Yes,PLANT_1000,900,141.6,9,3,DAP,1.8
PO100254,VENDOR_A,USA,96,0.6,MAT-1003,Optical Module,Yes,PLANT_1000,1500,160.68,9,11,DAP,0.3
PO100255,VENDOR_B,Malaysia,88,2.1,MAT-1006,Connector,No,PLANT_1000,400,8.64,4,5,FOB,2.2
PO100256,VENDOR_A,USA,96,0.6,MAT-1006,Connector,No,PLANT_1000,2200,11.87,4,4,FOB,0.7
PO100257,VENDOR_A,USA,96,0.6,MAT-1003,Optical Module,Yes,PLANT_1000,500,135.96,9,5,FOB,0.9
PO100258,VENDOR_A,USA,96,0.6,MAT-1004,Battery Unit,No,PLANT_1000,700,52.84,6,2,DAP,0.8
PO100259,VENDOR_C,Vietnam,82,3.0,MAT-1004,Battery Unit,No,PLANT_1000,1200,54.68,7,7,FOB,3.4
PO100260,VENDOR_A,USA,96,0.6,MAT-1004,Battery Unit,No,PLANT_1000,2200,66.74,6,10,FOB,0.7
PO100261,VENDOR_A,USA,96,0.6,MAT-1005,Housing Component,No,PLANT_1000,200,23.57,5,12,CIF,0.5
PO100262,VENDOR_C,Vietnam,82,3.0,MAT-1006,Connector,No,PLANT_1000,1500,10.19,5,9,CIF,2.6
PO100263,VENDOR_A,USA,96,0.6,MAT-1003,Optical Module,Yes,PLANT_1000,1800,168.1,9,10,FOB,1.5
PO100264,VENDOR_A,USA,96,0.6,MAT-1005,Housing Component,No,PLANT_1000,1200,28.1,5,12,DAP,0.0
PO100265,VENDOR_C,Vietnam,82,3.0,MAT-1001,Sensor,Yes,PLANT_1000,1200,115.44,8,7,FOB,2.8
PO100266,VENDOR_A,USA,96,0.6,MAT-1001,Sensor,Yes,PLANT_1000,1200,121.33,7,5,CIF,0.6
PO100267,VENDOR_B,Malaysia,88,2.1,MAT-1002,Control Chip,Yes,PLANT_1000,900,165.2,8,9,DAP,1.9
PO100268,VENDOR_B,Malaysia,88,2.1,MAT-1003,Optical Module,Yes,PLANT_1000,1500,156.0,9,7,FOB,2.2
PO100269,VENDOR_A,USA,96,0.6,MAT-1005,Housing Component,No,PLANT_1000,1500,29.46,5,4,CIF,0.2
PO100270,VENDOR_A,USA,96,0.6,MAT-1006,Connector,No,PLANT_1000,700,9.39,4,3,FOB,0.5
PO100271,VENDOR_A,USA,96,0.6,MAT-1004,Battery Unit,No,PLANT_1000,1800,63.04,6,1,CIF,0.5
PO100272,VENDOR_A,USA,96,0.6,MAT-1004,Battery Unit,No,PLANT_1000,900,54.69,6,3,FOB,0.3
PO100273,VENDOR_A,USA,96,0.6,MAT-1004,Battery Unit,No,PLANT_1000,700,52.84,6,7,FOB,0.5
PO100274,VENDOR_A,USA,96,0.6,MAT-1004,Battery Unit,No,PLANT_1000,2200,66.74,6,10,FOB,0.6
PO100275,VENDOR_B,Malaysia,88,2.1,MAT-1002,Control Chip,Yes,PLANT_1000,300,148.4,9,10,CIF,3.1
PO100276,VENDOR_B,Malaysia,88,2.1,MAT-1005,Housing Component,No,PLANT_1000,700,25.08,5,7,FOB,2.4
PO100277,VENDOR_C,Vietnam,82,3.0,MAT-1006,Connector,No,PLANT_1000,500,8.62,5,12,CIF,2.3
PO100278,VENDOR_C,Vietnam,82,3.0,MAT-1006,Connector,No,PLANT_1000,1500,10.19,5,5,DAP,2.0
PO100279,VENDOR_B,Malaysia,88,2.1,MAT-1001,Sensor,Yes,PLANT_1000,400,102.6,7,1,FOB,1.2
PO100280,VENDOR_A,USA,96,0.6,MAT-1003,Optical Module,Yes,PLANT_1000,700,140.9,9,3,FOB,0.3
PO100281,VENDOR_B,Malaysia,88,2.1,MAT-1003,Optical Module,Yes,PLANT_1000,1500,156.0,9,3,CIF,1.5
PO100282,VENDOR_B,Malaysia,88,2.1,MAT-1003,Optical Module,Yes,PLANT_1000,1500,156.0,9,6,FOB,3.0
PO100283,VENDOR_C,Vietnam,82,3.0,MAT-1006,Connector,No,PLANT_1000,400,8.47,5,6,FOB,2.3
PO100284,VENDOR_A,USA,96,0.6,MAT-1001,Sensor,Yes,PLANT_1000,700,111.55,7,3,DAP,0.6
PO100285,VENDOR_B,Malaysia,88,2.1,MAT-1005,Housing Component,No,PLANT_1000,900,25.96,5,9,FOB,1.4
PO100286,VENDOR_C,Vietnam,82,3.0,MAT-1005,Housing Component,No,PLANT_1000,900,25.44,6,4,FOB,2.7
PO100287,VENDOR_A,USA,96,0.6,MAT-1003,Optical Module,Yes,PLANT_1000,900,145.85,9,8,CIF,0.6
PO100288,VENDOR_C,Vietnam,82,3.0,MAT-1001,Sensor,Yes,PLANT_1000,500,102.41,8,12,CIF,2.4
PO100289,VENDOR_B,Malaysia,88,2.1,MAT-1001,Sensor,Yes,PLANT_1000,200,98.8,7,6,FOB,1.1
PO100290,VENDOR_A,USA,96,0.6,MAT-1004,Battery Unit,No,PLANT_1000,700,52.84,6,2,FOB,1.1
PO100291,VENDOR_C,Vietnam,82,3.0,MAT-1001,Sensor,Yes,PLANT_1000,500,102.41,8,8,FOB,2.2
PO100292,VENDOR_A,USA,96,0.6,MAT-1004,Battery Unit,No,PLANT_1000,900,54.69,6,1,DAP,0.6
PO100293,VENDOR_C,Vietnam,82,3.0,MAT-1004,Battery Unit,No,PLANT_1000,400,47.63,7,4,CIF,2.6
PO100294,VENDOR_C,Vietnam,82,3.0,MAT-1003,Optical Module,Yes,PLANT_1000,700,134.06,10,3,FOB,3.1
PO100295,VENDOR_C,Vietnam,82,3.0,MAT-1005,Housing Component,No,PLANT_1000,2600,32.77,6,6,FOB,3.7
PO100296,VENDOR_C,Vietnam,82,3.0,MAT-1004,Battery Unit,No,PLANT_1000,300,46.75,7,7,CIF,1.9
PO100297,VENDOR_A,USA,96,0.6,MAT-1001,Sensor,Yes,PLANT_1000,1200,121.33,7,2,FOB,0.0
PO100298,VENDOR_B,Malaysia,88,2.1,MAT-1003,Optical Module,Yes,PLANT_1000,400,129.6,9,7,FOB,1.8
PO100299,VENDOR_C,Vietnam,82,3.0,MAT-1002,Control Chip,Yes,PLANT_1000,900,161.9,9,2,FOB,2.4
PO100300,VENDOR_C,Vietnam,82,3.0,MAT-1006,Connector,No,PLANT_1000,300,8.31,5,9,CIF,1.4
PO100301,VENDOR_C,Vietnam,82,3.0,MAT-1005,Housing Component,No,PLANT_1000,1800,29.32,6,1,FOB,3.8
PO100302,VENDOR_B,Malaysia,88,2.1,MAT-1004,Battery Unit,No,PLANT_1000,700,51.3,7,11,FOB,3.8
PO100303,VENDOR_C,Vietnam,82,3.0,MAT-1003,Optical Module,Yes,PLANT_1000,300,124.66,10,3,DAP,2.2
PO100304,VENDOR_A,USA,96,0.6,MAT-1005,Housing Component,No,PLANT_1000,300,24.02,5,1,FOB,0.5
PO100305,VENDOR_A,USA,96,0.6,MAT-1006,Connector,No,PLANT_1000,700,9.39,4,5,CIF,0.0
PO100306,VENDOR_B,Malaysia,88,2.1,MAT-1005,Housing Component,No,PLANT_1000,500,24.2,5,8,FOB,1.0
PO100307,VENDOR_A,USA,96,0.6,MAT-1006,Connector,No,PLANT_1000,1500,10.71,4,8,CIF,0.0
PO100308,VENDOR_A,USA,96,0.6,MAT-1004,Battery Unit,No,PLANT_1000,1200,57.47,6,9,CIF,0.2
PO100309,VENDOR_A,USA,96,0.6,MAT-1006,Connector,No,PLANT_1000,300,8.73,4,5,CIF,0.4
PO100310,VENDOR_C,Vietnam,82,3.0,MAT-1004,Battery Unit,No,PLANT_1000,400,47.63,7,12,FOB,2.1
PO100311,VENDOR_A,USA,96,0.6,MAT-1004,Battery Unit,No,PLANT_1000,700,52.84,6,9,FOB,1.5
PO100312,VENDOR_C,Vietnam,82,3.0,MAT-1002,Control Chip,Yes,PLANT_1000,1200,170.13,9,5,CIF,2.2
PO100313,VENDOR_A,USA,96,0.6,MAT-1006,Connector,No,PLANT_1000,1500,10.71,4,10,DAP,0.6
PO100314,VENDOR_B,Malaysia,88,2.1,MAT-1005,Housing Component,No,PLANT_1000,900,25.96,5,8,FOB,1.5
PO100315,VENDOR_A,USA,96,0.6,MAT-1002,Control Chip,Yes,PLANT_1000,2600,219.18,8,6,DAP,1.0
PO100316,VENDOR_C,Vietnam,82,3.0,MAT-1002,Control Chip,Yes,PLANT_1000,400,148.18,9,3,FOB,2.5
PO100317,VENDOR_B,Malaysia,88,2.1,MAT-1005,Housing Component,No,PLANT_1000,900,25.96,5,1,FOB,2.7
PO100318,VENDOR_C,Vietnam,82,3.0,MAT-1004,Battery Unit,No,PLANT_1000,400,47.63,7,5,CIF,2.7
PO100319,VENDOR_A,USA,96,0.6,MAT-1002,Control Chip,Yes,PLANT_1000,1800,196.11,8,5,FOB,1.3
PO100320,VENDOR_B,Malaysia,88,2.1,MAT-1002,Control Chip,Yes,PLANT_1000,1500,182.0,8,5,CIF,2.3
PO100321,VENDOR_A,USA,96,0.6,MAT-1002,Control Chip,Yes,PLANT_1000,900,170.16,8,9,FOB,0.4
PO100322,VENDOR_C,Vietnam,82,3.0,MAT-1003,Optical Module,Yes,PLANT_1000,1500,152.88,10,11,DAP,3.1
PO100323,VENDOR_B,Malaysia,88,2.1,MAT-1003,Optical Module,Yes,PLANT_1000,700,136.8,10,10,FOB,3.9
PO100324,VENDOR_B,Malaysia,88,2.1,MAT-1003,Optical Module,Yes,PLANT_1000,200,124.8,9,5,FOB,2.3
PO100325,VENDOR_A,USA,96,0.6,MAT-1001,Sensor,Yes,PLANT_1000,1500,127.2,7,12,FOB,0.7
PO100326,VENDOR_B,Malaysia,88,2.1,MAT-1001,Sensor,Yes,PLANT_1000,900,112.1,8,10,CIF,4.4
PO100327,VENDOR_B,Malaysia,88,2.1,MAT-1004,Battery Unit,No,PLANT_1000,1200,55.8,6,2,FOB,2.3
PO100328,VENDOR_A,USA,96,0.6,MAT-1004,Battery Unit,No,PLANT_1000,1500,60.26,6,12,CIF,0.0
PO100329,VENDOR_C,Vietnam,82,3.0,MAT-1003,Optical Module,Yes,PLANT_1000,300,124.66,10,4,CIF,2.4
PO100330,VENDOR_A,USA,96,0.6,MAT-1005,Housing Component,No,PLANT_1000,1500,29.46,5,11,FOB,0.0
PO100331,VENDOR_A,USA,96,0.6,MAT-1004,Battery Unit,No,PLANT_1000,1500,60.26,6,4,FOB,1.1
PO100332,VENDOR_A,USA,96,0.6,MAT-1004,Battery Unit,No,PLANT_1000,400,50.06,6,5,FOB,0.4
PO100333,VENDOR_A,USA,96,0.6,MAT-1001,Sensor,Yes,PLANT_1000,1200,121.33,7,1,CIF,0.6
PO100334,VENDOR_C,Vietnam,82,3.0,MAT-1001,Sensor,Yes,PLANT_1000,700,106.13,8,3,DAP,2.3
PO100335,VENDOR_C,Vietnam,82,3.0,MAT-1002,Control Chip,Yes,PLANT_1000,700,156.41,9,1,DAP,2.9
PO100336,VENDOR_A,USA,96,0.6,MAT-1006,Connector,No,PLANT_1000,700,9.39,4,3,CIF,1.0
PO100337,VENDOR_C,Vietnam,82,3.0,MAT-1001,Sensor,Yes,PLANT_1000,300,98.69,8,12,FOB,2.5
PO100338,VENDOR_A,USA,96,0.6,MAT-1002,Control Chip,Yes,PLANT_1000,500,158.62,8,10,FOB,1.2
PO100339,VENDOR_A,USA,96,0.6,MAT-1006,Connector,No,PLANT_1000,2600,12.52,4,8,FOB,1.1
PO100340,VENDOR_A,USA,96,0.6,MAT-1001,Sensor,Yes,PLANT_1000,200,101.76,7,4,FOB,0.4
PO100341,VENDOR_C,Vietnam,82,3.0,MAT-1001,Sensor,Yes,PLANT_1000,500,102.41,8,4,DAP,2.1
PO100342,VENDOR_B,Malaysia,88,2.1,MAT-1004,Battery Unit,No,PLANT_1000,900,53.1,6,8,DAP,1.4
PO100343,VENDOR_A,USA,96,0.6,MAT-1003,Optical Module,Yes,PLANT_1000,900,145.85,9,9,DAP,0.7
PO100344,VENDOR_A,USA,96,0.6,MAT-1002,Control Chip,Yes,PLANT_1000,2600,219.18,8,3,CIF,0.7
PO100345,VENDOR_A,USA,96,0.6,MAT-1001,Sensor,Yes,PLANT_1000,1500,127.2,7,2,FOB,1.1
PO100346,VENDOR_B,Malaysia,88,2.1,MAT-1006,Connector,No,PLANT_1000,700,9.12,4,2,CIF,1.4
PO100347,VENDOR_C,Vietnam,82,3.0,MAT-1004,Battery Unit,No,PLANT_1000,300,46.75,7,2,CIF,1.8
PO100348,VENDOR_C,Vietnam,82,3.0,MAT-1005,Housing Component,No,PLANT_1000,300,22.85,6,2,DAP,2.2
PO100349,VENDOR_B,Malaysia,88,2.1,MAT-1005,Housing Component,No,PLANT_1000,300,23.32,6,12,CIF,3.1
PO100350,VENDOR_A,USA,96,0.6,MAT-1005,Housing Component,No,PLANT_1000,1800,30.82,5,7,CIF,1.0
PO100351,VENDOR_C,Vietnam,82,3.0,MAT-1005,Housing Component,No,PLANT_1000,300,22.85,6,8,CIF,2.2
PO100352,VENDOR_C,Vietnam,82,3.0,MAT-1004,Battery Unit,No,PLANT_1000,1500,57.33,7,12,FOB,2.2
PO100353,VENDOR_A,USA,96,0.6,MAT-1003,Optical Module,Yes,PLANT_1000,500,135.96,9,8,FOB,0.6
PO100354,VENDOR_B,Malaysia,88,2.1,MAT-1003,Optical Module,Yes,PLANT_1000,1500,156.0,10,11,DAP,4.2
PO100355,VENDOR_A,USA,96,0.6,MAT-1004,Battery Unit,No,PLANT_1000,700,52.84,6,8,DAP,0.0
PO100356,VENDOR_B,Malaysia,88,2.1,MAT-1002,Control Chip,Yes,PLANT_1000,900,165.2,8,8,FOB,1.6
PO100357,VENDOR_B,Malaysia,88,2.1,MAT-1001,Sensor,Yes,PLANT_1000,700,108.3,7,3,DAP,1.5
PO100358,VENDOR_B,Malaysia,88,2.1,MAT-1001,Sensor,Yes,PLANT_1000,1800,129.2,7,8,CIF,1.5
PO100359,VENDOR_A,USA,96,0.6,MAT-1003,Optical Module,Yes,PLANT_1000,2600,187.87,9,6,DAP,1.0
PO100360,VENDOR_A,USA,96,0.6,MAT-1006,Connector,No,PLANT_1000,300,8.73,4,7,CIF,0.2
PO100361,VENDOR_A,USA,96,0.6,MAT-1006,Connector,No,PLANT_1000,700,9.39,4,10,FOB,0.6
PO100362,VENDOR_B,Malaysia,88,2.1,MAT-1005,Housing Component,No,PLANT_1000,400,23.76,5,2,FOB,1.7
PO100363,VENDOR_C,Vietnam,82,3.0,MAT-1002,Control Chip,Yes,PLANT_1000,1500,178.36,9,9,CIF,2.6
PO100364,VENDOR_B,Malaysia,88,2.1,MAT-1005,Housing Component,No,PLANT_1000,500,24.2,6,12,FOB,3.9
PO100365,VENDOR_C,Vietnam,82,3.0,MAT-1006,Connector,No,PLANT_1000,500,8.62,5,10,FOB,2.7
PO100366,VENDOR_B,Malaysia,88,2.1,MAT-1006,Connector,No,PLANT_1000,700,9.12,4,3,CIF,1.5
PO100367,VENDOR_B,Malaysia,88,2.1,MAT-1004,Battery Unit,No,PLANT_1000,1500,58.5,6,6,DAP,1.3
PO100368,VENDOR_A,USA,96,0.6,MAT-1005,Housing Component,No,PLANT_1000,500,24.93,5,2,CIF,0.7
PO100369,VENDOR_A,USA,96,0.6,MAT-1001,Sensor,Yes,PLANT_1000,1200,121.33,7,9,DAP,0.6
PO100370,VENDOR_A,USA,96,0.6,MAT-1003,Optical Module,Yes,PLANT_1000,200,128.54,9,5,FOB,0.6
PO100371,VENDOR_B,Malaysia,88,2.1,MAT-1006,Connector,No,PLANT_1000,500,8.8,5,12,DAP,3.4
PO100372,VENDOR_A,USA,96,0.6,MAT-1001,Sensor,Yes,PLANT_1000,700,111.55,7,2,CIF,0.6
PO100373,VENDOR_C,Vietnam,82,3.0,MAT-1004,Battery Unit,No,PLANT_1000,700,50.27,7,3,DAP,2.0
PO100374,VENDOR_B,Malaysia,88,2.1,MAT-1001,Sensor,Yes,PLANT_1000,500,104.5,7,6,DAP,1.5
PO100375,VENDOR_A,USA,96,0.6,MAT-1006,Connector,No,PLANT_1000,1200,10.22,4,10,DAP,0.2
PO100376,VENDOR_B,Malaysia,88,2.1,MAT-1004,Battery Unit,No,PLANT_1000,500,49.5,6,9,DAP,1.6
PO100377,VENDOR_A,USA,96,0.6,MAT-1005,Housing Component,No,PLANT_1000,300,24.02,5,4,FOB,0.5
PO100378,VENDOR_A,USA,96,0.6,MAT-1004,Battery Unit,No,PLANT_1000,400,50.06,6,3,CIF,0.3
PO100379,VENDOR_B,Malaysia,88,2.1,MAT-1001,Sensor,Yes,PLANT_1000,1800,129.2,8,12,CIF,4.0
PO100380,VENDOR_A,USA,96,0.6,MAT-1001,Sensor,Yes,PLANT_1000,500,107.64,7,1,FOB,0.6
PO100381,VENDOR_A,USA,96,0.6,MAT-1005,Housing Component,No,PLANT_1000,900,26.74,5,5,FOB,0.7
PO100382,VENDOR_A,USA,96,0.6,MAT-1001,Sensor,Yes,PLANT_1000,1200,121.33,7,9,DAP,0.7
PO100383,VENDOR_C,Vietnam,82,3.0,MAT-1004,Battery Unit,No,PLANT_1000,700,50.27,7,7,FOB,3.2
PO100384,VENDOR_B,Malaysia,88,2.1,MAT-1006,Connector,No,PLANT_1000,1200,9.92,4,6,CIF,1.5
PO100385,VENDOR_B,Malaysia,88,2.1,MAT-1005,Housing Component,No,PLANT_1000,1200,27.28,5,4,FOB,2.2
PO100386,VENDOR_C,Vietnam,82,3.0,MAT-1002,Control Chip,Yes,PLANT_1000,1200,170.13,9,8,CIF,2.3
PO100387,VENDOR_B,Malaysia,88,2.1,MAT-1004,Battery Unit,No,PLANT_1000,1800,61.2,6,6,FOB,1.9
PO100388,VENDOR_C,Vietnam,82,3.0,MAT-1002,Control Chip,Yes,PLANT_1000,2600,208.54,9,10,FOB,4.3
PO100389,VENDOR_B,Malaysia,88,2.1,MAT-1002,Control Chip,Yes,PLANT_1000,700,159.6,8,3,CIF,2.4
PO100390,VENDOR_C,Vietnam,82,3.0,MAT-1001,Sensor,Yes,PLANT_1000,200,96.82,8,8,FOB,3.6
PO100391,VENDOR_A,USA,96,0.6,MAT-1005,Housing Component,No,PLANT_1000,400,24.47,5,1,FOB,0.3
PO100392,VENDOR_C,Vietnam,82,3.0,MAT-1004,Battery Unit,No,PLANT_1000,900,52.04,7,11,DAP,2.6
PO100393,VENDOR_B,Malaysia,88,2.1,MAT-1005,Housing Component,No,PLANT_1000,700,25.08,5,3,DAP,1.3
PO100394,VENDOR_B,Malaysia,88,2.1,MAT-1006,Connector,No,PLANT_1000,500,8.8,4,5,CIF,1.2
PO100395,VENDOR_A,USA,96,0.6,MAT-1005,Housing Component,No,PLANT_1000,1500,29.46,5,12,FOB,0.3
PO100396,VENDOR_A,USA,96,0.6,MAT-1001,Sensor,Yes,PLANT_1000,1200,121.33,7,4,FOB,0.6
PO100397,VENDOR_A,USA,96,0.6,MAT-1003,Optical Module,Yes,PLANT_1000,300,131.02,9,2,CIF,1.1
PO100398,VENDOR_B,Malaysia,88,2.1,MAT-1002,Control Chip,Yes,PLANT_1000,2200,201.6,8,9,CIF,2.4
PO100399,VENDOR_B,Malaysia,88,2.1,MAT-1003,Optical Module,Yes,PLANT_1000,1200,148.8,10,11,CIF,3.3
PO100400,VENDOR_B,Malaysia,88,2.1,MAT-1005,Housing Component,No,PLANT_1000,1500,28.6,5,6,DAP,1.4
PO100401,VENDOR_C,Vietnam,82,3.0,MAT-1004,Battery Unit,No,PLANT_1000,500,48.51,7,12,CIF,2.2
PO100402,VENDOR_A,USA,96,0.6,MAT-1004,Battery Unit,No,PLANT_1000,1500,60.26,6,9,CIF,0.4
PO100403,VENDOR_C,Vietnam,82,3.0,MAT-1004,Battery Unit,No,PLANT_1000,700,50.27,7,2,FOB,3.1
PO100404,VENDOR_B,Malaysia,88,2.1,MAT-1002,Control Chip,Yes,PLANT_1000,700,159.6,8,3,CIF,2.0
PO100405,VENDOR_C,Vietnam,82,3.0,MAT-1001,Sensor,Yes,PLANT_1000,1200,115.44,8,11,FOB,3.3
PO100406,VENDOR_B,Malaysia,88,2.1,MAT-1003,Optical Module,Yes,PLANT_1000,400,129.6,9,8,CIF,2.3
PO100407,VENDOR_A,USA,96,0.6,MAT-1005,Housing Component,No,PLANT_1000,500,24.93,5,4,CIF,1.0
PO100408,VENDOR_B,Malaysia,88,2.1,MAT-1001,Sensor,Yes,PLANT_1000,900,112.1,7,5,DAP,1.3
PO100409,VENDOR_B,Malaysia,88,2.1,MAT-1004,Battery Unit,No,PLANT_1000,400,48.6,6,4,DAP,1.0
PO100410,VENDOR_A,USA,96,0.6,MAT-1002,Control Chip,Yes,PLANT_1000,700,164.39,8,11,FOB,0.8
PO100411,VENDOR_A,USA,96,0.6,MAT-1005,Housing Component,No,PLANT_1000,500,24.93,5,5,DAP,0.5
PO100412,VENDOR_B,Malaysia,88,2.1,MAT-1005,Housing Component,No,PLANT_1000,300,23.32,5,1,CIF,1.5
PO100413,VENDOR_A,USA,96,0.6,MAT-1001,Sensor,Yes,PLANT_1000,900,115.46,7,6,FOB,1.3
PO100414,VENDOR_C,Vietnam,82,3.0,MAT-1005,Housing Component,No,PLANT_1000,700,24.58,6,3,DAP,3.2
PO100415,VENDOR_B,Malaysia,88,2.1,MAT-1001,Sensor,Yes,PLANT_1000,700,108.3,7,5,FOB,1.9
PO100416,VENDOR_A,USA,96,0.6,MAT-1004,Battery Unit,No,PLANT_1000,2600,70.45,6,8,FOB,0.8
PO100417,VENDOR_C,Vietnam,82,3.0,MAT-1002,Control Chip,Yes,PLANT_1000,1500,178.36,9,1,FOB,3.7
PO100418,VENDOR_B,Malaysia,88,2.1,MAT-1005,Housing Component,No,PLANT_1000,200,22.88,5,8,CIF,1.4
PO100419,VENDOR_B,Malaysia,88,2.1,MAT-1002,Control Chip,Yes,PLANT_1000,1800,190.4,9,11,CIF,4.3
PO100420,VENDOR_A,USA,96,0.6,MAT-1005,Housing Component,No,PLANT_1000,200,23.57,5,12,CIF,0.4
PO100421,VENDOR_B,Malaysia,88,2.1,MAT-1001,Sensor,Yes,PLANT_1000,400,102.6,7,6,CIF,1.7
PO100422,VENDOR_C,Vietnam,82,3.0,MAT-1004,Battery Unit,No,PLANT_1000,900,52.04,7,10,CIF,2.6
PO100423,VENDOR_B,Malaysia,88,2.1,MAT-1003,Optical Module,Yes,PLANT_1000,900,141.6,10,11,CIF,3.9
PO100424,VENDOR_C,Vietnam,82,3.0,MAT-1003,Optical Module,Yes,PLANT_1000,1200,145.82,10,3,CIF,2.8
PO100425,VENDOR_C,Vietnam,82,3.0,MAT-1003,Optical Module,Yes,PLANT_1000,200,122.3,10,9,FOB,2.2
PO100426,VENDOR_A,USA,96,0.6,MAT-1002,Control Chip,Yes,PLANT_1000,700,164.39,8,3,CIF,1.1
PO100427,VENDOR_B,Malaysia,88,2.1,MAT-1006,Connector,No,PLANT_1000,900,9.44,4,2,CIF,2.1
PO100428,VENDOR_A,USA,96,0.6,MAT-1002,Control Chip,Yes,PLANT_1000,1500,187.46,8,12,FOB,1.7
PO100429,VENDOR_A,USA,96,0.6,MAT-1006,Connector,No,PLANT_1000,2600,12.52,4,3,CIF,0.2
PO100430,VENDOR_A,USA,96,0.6,MAT-1005,Housing Component,No,PLANT_1000,1200,28.1,5,9,FOB,0.9
PO100431,VENDOR_A,USA,96,0.6,MAT-1006,Connector,No,PLANT_1000,1200,10.22,4,12,DAP,0.4
PO100432,VENDOR_A,USA,96,0.6,MAT-1003,Optical Module,Yes,PLANT_1000,700,140.9,9,4,FOB,1.3
PO100433,VENDOR_A,USA,96,0.6,MAT-1001,Sensor,Yes,PLANT_1000,900,115.46,7,12,CIF,0.6
PO100434,VENDOR_A,USA,96,0.6,MAT-1005,Housing Component,No,PLANT_1000,1200,28.1,5,12,FOB,0.9
PO100435,VENDOR_A,USA,96,0.6,MAT-1003,Optical Module,Yes,PLANT_1000,1800,168.1,9,12,FOB,0.8
PO100436,VENDOR_A,USA,96,0.6,MAT-1001,Sensor,Yes,PLANT_1000,900,115.46,7,7,FOB,0.3
PO100437,VENDOR_B,Malaysia,88,2.1,MAT-1006,Connector,No,PLANT_1000,400,8.64,4,5,FOB,1.5
PO100438,VENDOR_B,Malaysia,88,2.1,MAT-1006,Connector,No,PLANT_1000,1200,9.92,5,10,CIF,3.5
PO100439,VENDOR_A,USA,96,0.6,MAT-1004,Battery Unit,No,PLANT_1000,1200,57.47,6,2,DAP,0.3
PO100440,VENDOR_B,Malaysia,88,2.1,MAT-1001,Sensor,Yes,PLANT_1000,1500,123.5,7,7,FOB,2.9
PO100441,VENDOR_A,USA,96,0.6,MAT-1006,Connector,No,PLANT_1000,1200,10.22,4,8,FOB,0.2
PO100442,VENDOR_A,USA,96,0.6,MAT-1003,Optical Module,Yes,PLANT_1000,1200,153.26,9,10,CIF,1.2
PO100443,VENDOR_C,Vietnam,82,3.0,MAT-1004,Battery Unit,No,PLANT_1000,200,45.86,7,8,FOB,2.2
PO100444,VENDOR_A,USA,96,0.6,MAT-1003,Optical Module,Yes,PLANT_1000,900,145.85,9,3,DAP,1.0
PO100445,VENDOR_B,Malaysia,88,2.1,MAT-1006,Connector,No,PLANT_1000,700,9.12,4,3,DAP,1.7
PO100446,VENDOR_A,USA,96,0.6,MAT-1004,Battery Unit,No,PLANT_1000,900,54.69,6,10,DAP,0.2
PO100447,VENDOR_C,Vietnam,82,3.0,MAT-1004,Battery Unit,No,PLANT_1000,500,48.51,7,7,DAP,1.9
PO100448,VENDOR_A,USA,96,0.6,MAT-1004,Battery Unit,No,PLANT_1000,500,50.99,6,9,FOB,0.2
PO100449,VENDOR_C,Vietnam,82,3.0,MAT-1004,Battery Unit,No,PLANT_1000,300,46.75,7,10,CIF,2.8
PO100450,VENDOR_B,Malaysia,88,2.1,MAT-1001,Sensor,Yes,PLANT_1000,700,108.3,7,3,FOB,1.7
PO100451,VENDOR_C,Vietnam,82,3.0,MAT-1003,Optical Module,Yes,PLANT_1000,1800,159.94,10,4,FOB,4.3
PO100452,VENDOR_C,Vietnam,82,3.0,MAT-1002,Control Chip,Yes,PLANT_1000,1200,170.13,9,7,FOB,3.7
PO100453,VENDOR_A,USA,96,0.6,MAT-1004,Battery Unit,No,PLANT_1000,1500,60.26,6,2,DAP,0.3
PO100454,VENDOR_B,Malaysia,88,2.1,MAT-1004,Battery Unit,No,PLANT_1000,500,49.5,6,5,FOB,1.7
PO100455,VENDOR_A,USA,96,0.6,MAT-1001,Sensor,Yes,PLANT_1000,900,115.46,7,10,FOB,0.1
PO100456,VENDOR_C,Vietnam,82,3.0,MAT-1005,Housing Component,No,PLANT_1000,300,22.85,6,1,FOB,2.9
PO100457,VENDOR_B,Malaysia,88,2.1,MAT-1003,Optical Module,Yes,PLANT_1000,1800,163.2,9,1,FOB,2.8
PO100458,VENDOR_A,USA,96,0.6,MAT-1003,Optical Module,Yes,PLANT_1000,500,135.96,9,1,DAP,0.6
PO100459,VENDOR_C,Vietnam,82,3.0,MAT-1004,Battery Unit,No,PLANT_1000,1800,59.98,7,10,CIF,3.6
PO100460,VENDOR_A,USA,96,0.6,MAT-1002,Control Chip,Yes,PLANT_1000,200,149.97,8,7,FOB,0.5
PO100461,VENDOR_C,Vietnam,82,3.0,MAT-1003,Optical Module,Yes,PLANT_1000,1200,145.82,10,4,CIF,3.5
PO100462,VENDOR_B,Malaysia,88,2.1,MAT-1006,Connector,No,PLANT_1000,200,8.32,4,3,DAP,1.9
PO100463,VENDOR_C,Vietnam,82,3.0,MAT-1005,Housing Component,No,PLANT_1000,400,23.28,6,8,FOB,2.7
PO100464,VENDOR_C,Vietnam,82,3.0,MAT-1004,Battery Unit,No,PLANT_1000,900,52.04,7,12,FOB,2.8
PO100465,VENDOR_C,Vietnam,82,3.0,MAT-1006,Connector,No,PLANT_1000,900,9.25,5,5,CIF,2.8
PO100466,VENDOR_C,Vietnam,82,3.0,MAT-1002,Control Chip,Yes,PLANT_1000,400,148.18,9,10,FOB,3.7
PO100467,VENDOR_B,Malaysia,88,2.1,MAT-1005,Housing Component,No,PLANT_1000,400,23.76,5,3,DAP,0.9
PO100468,VENDOR_B,Malaysia,88,2.1,MAT-1002,Control Chip,Yes,PLANT_1000,2200,201.6,8,1,FOB,3.2
PO100469,VENDOR_B,Malaysia,88,2.1,MAT-1004,Battery Unit,No,PLANT_1000,1200,55.8,6,9,CIF,1.7
PO100470,VENDOR_A,USA,96,0.6,MAT-1001,Sensor,Yes,PLANT_1000,2200,140.9,7,1,CIF,1.1
PO100471,VENDOR_A,USA,96,0.6,MAT-1003,Optical Module,Yes,PLANT_1000,2600,187.87,9,5,CIF,0.5
PO100472,VENDOR_B,Malaysia,88,2.1,MAT-1004,Battery Unit,No,PLANT_1000,700,51.3,6,6,FOB,1.9
PO100473,VENDOR_A,USA,96,0.6,MAT-1005,Housing Component,No,PLANT_1000,1500,29.46,5,11,DAP,0.2
PO100474,VENDOR_A,USA,96,0.6,MAT-1003,Optical Module,Yes,PLANT_1000,400,133.49,9,3,FOB,0.9
PO100475,VENDOR_A,USA,96,0.6,MAT-1001,Sensor,Yes,PLANT_1000,1500,127.2,7,12,DAP,0.8
PO100476,VENDOR_C,Vietnam,82,3.0,MAT-1001,Sensor,Yes,PLANT_1000,1500,121.03,8,8,FOB,3.0
PO100477,VENDOR_A,USA,96,0.6,MAT-1003,Optical Module,Yes,PLANT_1000,400,133.49,9,1,CIF,0.6
PO100478,VENDOR_A,USA,96,0.6,MAT-1001,Sensor,Yes,PLANT_1000,700,111.55,7,5,CIF,1.1
PO100479,VENDOR_C,Vietnam,82,3.0,MAT-1001,Sensor,Yes,PLANT_1000,500,102.41,8,10,DAP,2.0
PO100480,VENDOR_B,Malaysia,88,2.1,MAT-1001,Sensor,Yes,PLANT_1000,1800,129.2,7,3,FOB,2.4
PO100481,VENDOR_C,Vietnam,82,3.0,MAT-1001,Sensor,Yes,PLANT_1000,2200,134.06,8,7,DAP,3.3
PO100482,VENDOR_C,Vietnam,82,3.0,MAT-1006,Connector,No,PLANT_1000,700,8.94,5,1,FOB,1.8
PO100483,VENDOR_B,Malaysia,88,2.1,MAT-1006,Connector,No,PLANT_1000,900,9.44,4,4,FOB,1.5
PO100484,VENDOR_C,Vietnam,82,3.0,MAT-1001,Sensor,Yes,PLANT_1000,500,102.41,8,8,DAP,2.5
PO100485,VENDOR_B,Malaysia,88,2.1,MAT-1003,Optical Module,Yes,PLANT_1000,700,136.8,9,3,FOB,2.0
PO100486,VENDOR_B,Malaysia,88,2.1,MAT-1006,Connector,No,PLANT_1000,1800,10.88,5,10,FOB,3.4
PO100487,VENDOR_C,Vietnam,82,3.0,MAT-1003,Optical Module,Yes,PLANT_1000,400,127.01,10,2,CIF,2.4
PO100488,VENDOR_C,Vietnam,82,3.0,MAT-1002,Control Chip,Yes,PLANT_1000,700,156.41,9,9,FOB,2.3
PO100489,VENDOR_C,Vietnam,82,3.0,MAT-1003,Optical Module,Yes,PLANT_1000,1500,152.88,10,8,FOB,3.6
PO100490,VENDOR_A,USA,96,0.6,MAT-1005,Housing Component,No,PLANT_1000,1800,30.82,5,2,CIF,0.7
PO100491,VENDOR_A,USA,96,0.6,MAT-1003,Optical Module,Yes,PLANT_1000,700,140.9,9,5,CIF,1.7
PO100492,VENDOR_A,USA,96,0.6,MAT-1003,Optical Module,Yes,PLANT_1000,2600,187.87,9,9,FOB,1.6
PO100493,VENDOR_A,USA,96,0.6,MAT-1002,Control Chip,Yes,PLANT_1000,1800,196.11,8,3,FOB,0.9
PO100494,VENDOR_B,Malaysia,88,2.1,MAT-1004,Battery Unit,No,PLANT_1000,1800,61.2,6,9,FOB,1.4
PO100495,VENDOR_A,USA,96,0.6,MAT-1002,Control Chip,Yes,PLANT_1000,500,158.62,8,9,FOB,0.6
PO100496,VENDOR_C,Vietnam,82,3.0,MAT-1003,Optical Module,Yes,PLANT_1000,1500,152.88,10,8,CIF,2.7
PO100497,VENDOR_A,USA,96,0.6,MAT-1003,Optical Module,Yes,PLANT_1000,900,145.85,9,7,CIF,0.9
PO100498,VENDOR_B,Malaysia,88,2.1,MAT-1006,Connector,No,PLANT_1000,900,9.44,5,10,FOB,3.1
PO100499,VENDOR_C,Vietnam,82,3.0,MAT-1004,Battery Unit,No,PLANT_1000,1500,57.33,7,11,FOB,3.4
PO100500,VENDOR_A,USA,96,0.6,MAT-1006,Connector,No,PLANT_1000,400,8.9,4,8,FOB,1.9
PO100501,VENDOR_A,USA,96,0.6,MAT-1005,Housing Component,No,PLANT_1000,300,24.02,5,7,DAP,0.1
PO100502,VENDOR_A,USA,96,0.6,MAT-1001,Sensor,Yes,PLANT_1000,500,107.64,7,6,DAP,0.2
PO100503,VENDOR_C,Vietnam,82,3.0,MAT-1005,Housing Component,No,PLANT_1000,1200,26.73,6,12,FOB,1.7
PO100504,VENDOR_B,Malaysia,88,2.1,MAT-1003,Optical Module,Yes,PLANT_1000,700,136.8,9,4,FOB,2.3
PO100505,VENDOR_C,Vietnam,82,3.0,MAT-1001,Sensor,Yes,PLANT_1000,1200,115.44,8,10,DAP,2.3
PO100506,VENDOR_B,Malaysia,88,2.1,MAT-1005,Housing Component,No,PLANT_1000,2600,33.44,5,1,FOB,1.4
PO100507,VENDOR_B,Malaysia,88,2.1,MAT-1005,Housing Component,No,PLANT_1000,300,23.32,5,6,DAP,1.7
PO100508,VENDOR_C,Vietnam,82,3.0,MAT-1004,Battery Unit,No,PLANT_1000,500,48.51,7,12,DAP,2.1
PO100509,VENDOR_B,Malaysia,88,2.1,MAT-1005,Housing Component,No,PLANT_1000,500,24.2,5,7,DAP,0.9
PO100510,VENDOR_A,USA,96,0.6,MAT-1002,Control Chip,Yes,PLANT_1000,500,158.62,8,12,FOB,1.1
PO100511,VENDOR_A,USA,96,0.6,MAT-1004,Battery Unit,No,PLANT_1000,700,52.84,6,1,DAP,0.0
PO100512,VENDOR_A,USA,96,0.6,MAT-1001,Sensor,Yes,PLANT_1000,1200,121.33,7,9,FOB,0.8
PO100513,VENDOR_A,USA,96,0.6,MAT-1003,Optical Module,Yes,PLANT_1000,2600,187.87,9,4,DAP,0.6
PO100514,VENDOR_C,Vietnam,82,3.0,MAT-1005,Housing Component,No,PLANT_1000,2600,32.77,6,8,FOB,4.0
PO100515,VENDOR_C,Vietnam,82,3.0,MAT-1006,Connector,No,PLANT_1000,300,8.31,5,8,CIF,2.3
PO100516,VENDOR_B,Malaysia,88,2.1,MAT-1005,Housing Component,No,PLANT_1000,400,23.76,5,9,CIF,1.3
PO100517,VENDOR_A,USA,96,0.6,MAT-1004,Battery Unit,No,PLANT_1000,900,54.69,6,2,FOB,1.0
PO100518,VENDOR_C,Vietnam,82,3.0,MAT-1004,Battery Unit,No,PLANT_1000,400,47.63,7,7,DAP,1.6
PO100519,VENDOR_A,USA,96,0.6,MAT-1003,Optical Module,Yes,PLANT_1000,1200,153.26,9,4,CIF,0.1
PO100520,VENDOR_A,USA,96,0.6,MAT-1006,Connector,No,PLANT_1000,1200,10.22,4,11,CIF,0.8
PO100521,VENDOR_B,Malaysia,88,2.1,MAT-1002,Control Chip,Yes,PLANT_1000,500,154.0,8,4,FOB,3.1
PO100522,VENDOR_A,USA,96,0.6,MAT-1006,Connector,No,PLANT_1000,400,8.9,4,5,CIF,0.0
PO100523,VENDOR_B,Malaysia,88,2.1,MAT-1004,Battery Unit,No,PLANT_1000,1200,55.8,7,12,FOB,3.4
PO100524,VENDOR_C,Vietnam,82,3.0,MAT-1002,Control Chip,Yes,PLANT_1000,1800,186.59,9,9,FOB,4.8
PO100525,VENDOR_B,Malaysia,88,2.1,MAT-1006,Connector,No,PLANT_1000,900,9.44,4,1,CIF,2.0
PO100526,VENDOR_A,USA,96,0.6,MAT-1005,Housing Component,No,PLANT_1000,700,25.83,5,4,CIF,0.3
PO100527,VENDOR_A,USA,96,0.6,MAT-1004,Battery Unit,No,PLANT_1000,900,54.69,6,1,CIF,0.0
PO100528,VENDOR_B,Malaysia,88,2.1,MAT-1005,Housing Component,No,PLANT_1000,200,22.88,5,4,FOB,2.1
PO100529,VENDOR_A,USA,96,0.6,MAT-1002,Control Chip,Yes,PLANT_1000,300,152.85,8,2,CIF,1.0
PO100530,VENDOR_B,Malaysia,88,2.1,MAT-1001,Sensor,Yes,PLANT_1000,1800,129.2,7,7,DAP,2.6
PO100531,VENDOR_C,Vietnam,82,3.0,MAT-1006,Connector,No,PLANT_1000,400,8.47,5,8,CIF,2.8
PO100532,VENDOR_B,Malaysia,88,2.1,MAT-1001,Sensor,Yes,PLANT_1000,700,108.3,8,10,FOB,3.7
PO100533,VENDOR_C,Vietnam,82,3.0,MAT-1002,Control Chip,Yes,PLANT_1000,700,156.41,9,12,DAP,2.9
PO100534,VENDOR_B,Malaysia,88,2.1,MAT-1004,Battery Unit,No,PLANT_1000,1200,55.8,7,11,DAP,3.3
PO100535,VENDOR_B,Malaysia,88,2.1,MAT-1004,Battery Unit,No,PLANT_1000,2200,64.8,7,11,FOB,3.1
PO100536,VENDOR_B,Malaysia,88,2.1,MAT-1001,Sensor,Yes,PLANT_1000,1200,117.8,7,4,FOB,2.2
PO100537,VENDOR_B,Malaysia,88,2.1,MAT-1001,Sensor,Yes,PLANT_1000,300,100.7,8,12,DAP,3.8
PO100538,VENDOR_A,USA,96,0.6,MAT-1001,Sensor,Yes,PLANT_1000,1500,127.2,7,5,DAP,0.1
PO100539,VENDOR_B,Malaysia,88,2.1,MAT-1005,Housing Component,No,PLANT_1000,700,25.08,5,4,DAP,2.3
PO100540,VENDOR_A,USA,96,0.6,MAT-1005,Housing Component,No,PLANT_1000,1500,29.46,5,10,DAP,0.0
PO100541,VENDOR_A,USA,96,0.6,MAT-1006,Connector,No,PLANT_1000,500,9.06,4,5,FOB,0.9
PO100542,VENDOR_C,Vietnam,82,3.0,MAT-1001,Sensor,Yes,PLANT_1000,300,98.69,8,9,DAP,2.2
PO100543,VENDOR_A,USA,96,0.6,MAT-1004,Battery Unit,No,PLANT_1000,1200,57.47,6,5,DAP,0.4
PO100544,VENDOR_B,Malaysia,88,2.1,MAT-1004,Battery Unit,No,PLANT_1000,700,51.3,6,5,CIF,2.0
PO100545,VENDOR_A,USA,96,0.6,MAT-1003,Optical Module,Yes,PLANT_1000,1500,160.68,9,1,DAP,1.5
PO100546,VENDOR_A,USA,96,0.6,MAT-1004,Battery Unit,No,PLANT_1000,700,52.84,6,1,CIF,0.5
PO100547,VENDOR_C,Vietnam,82,3.0,MAT-1001,Sensor,Yes,PLANT_1000,1200,115.44,8,12,FOB,2.2
PO100548,VENDOR_A,USA,96,0.6,MAT-1002,Control Chip,Yes,PLANT_1000,500,158.62,8,3,CIF,0.2
PO100549,VENDOR_B,Malaysia,88,2.1,MAT-1006,Connector,No,PLANT_1000,700,9.12,4,9,FOB,2.7
PO100550,VENDOR_B,Malaysia,88,2.1,MAT-1001,Sensor,Yes,PLANT_1000,500,104.5,7,2,CIF,1.9
PO100551,VENDOR_B,Malaysia,88,2.1,MAT-1001,Sensor,Yes,PLANT_1000,900,112.1,7,1,DAP,1.7
PO100552,VENDOR_B,Malaysia,88,2.1,MAT-1001,Sensor,Yes,PLANT_1000,1800,129.2,8,10,FOB,3.7
PO100553,VENDOR_B,Malaysia,88,2.1,MAT-1003,Optical Module,Yes,PLANT_1000,1200,148.8,9,1,DAP,1.3
PO100554,VENDOR_C,Vietnam,82,3.0,MAT-1002,Control Chip,Yes,PLANT_1000,500,150.92,9,10,FOB,3.6
PO100555,VENDOR_B,Malaysia,88,2.1,MAT-1004,Battery Unit,No,PLANT_1000,900,53.1,6,1,DAP,1.3
PO100556,VENDOR_A,USA,96,0.6,MAT-1004,Battery Unit,No,PLANT_1000,1500,60.26,6,3,FOB,0.4
PO100557,VENDOR_B,Malaysia,88,2.1,MAT-1001,Sensor,Yes,PLANT_1000,1500,123.5,7,9,DAP,1.8
PO100558,VENDOR_B,Malaysia,88,2.1,MAT-1006,Connector,No,PLANT_1000,900,9.44,5,12,DAP,3.4
PO100559,VENDOR_B,Malaysia,88,2.1,MAT-1003,Optical Module,Yes,PLANT_1000,700,136.8,9,6,DAP,0.9
PO100560,VENDOR_A,USA,96,0.6,MAT-1002,Control Chip,Yes,PLANT_1000,300,152.85,8,8,FOB,1.1
PO100561,VENDOR_B,Malaysia,88,2.1,MAT-1005,Housing Component,No,PLANT_1000,700,25.08,6,10,DAP,3.5
PO100562,VENDOR_C,Vietnam,82,3.0,MAT-1003,Optical Module,Yes,PLANT_1000,300,124.66,10,12,FOB,2.6
PO100563,VENDOR_A,USA,96,0.6,MAT-1004,Battery Unit,No,PLANT_1000,1200,57.47,6,9,DAP,0.5
PO100564,VENDOR_B,Malaysia,88,2.1,MAT-1001,Sensor,Yes,PLANT_1000,400,102.6,7,5,CIF,2.0
PO100565,VENDOR_A,USA,96,0.6,MAT-1004,Battery Unit,No,PLANT_1000,700,52.84,6,12,FOB,0.8
PO100566,VENDOR_B,Malaysia,88,2.1,MAT-1005,Housing Component,No,PLANT_1000,900,25.96,6,10,CIF,2.5
PO100567,VENDOR_A,USA,96,0.6,MAT-1003,Optical Module,Yes,PLANT_1000,500,135.96,9,11,FOB,0.3
PO100568,VENDOR_A,USA,96,0.6,MAT-1003,Optical Module,Yes,PLANT_1000,1500,160.68,9,12,CIF,0.7
PO100569,VENDOR_B,Malaysia,88,2.1,MAT-1004,Battery Unit,No,PLANT_1000,700,51.3,6,2,DAP,2.0
PO100570,VENDOR_A,USA,96,0.6,MAT-1004,Battery Unit,No,PLANT_1000,2200,66.74,6,3,CIF,0.7
PO100571,VENDOR_A,USA,96,0.6,MAT-1002,Control Chip,Yes,PLANT_1000,900,170.16,8,12,FOB,1.3
PO100572,VENDOR_A,USA,96,0.6,MAT-1005,Housing Component,No,PLANT_1000,900,26.74,5,4,DAP,0.4
PO100573,VENDOR_C,Vietnam,82,3.0,MAT-1005,Housing Component,No,PLANT_1000,700,24.58,6,4,FOB,2.7
PO100574,VENDOR_A,USA,96,0.6,MAT-1004,Battery Unit,No,PLANT_1000,700,52.84,6,6,FOB,0.0
PO100575,VENDOR_B,Malaysia,88,2.1,MAT-1005,Housing Component,No,PLANT_1000,2600,33.44,5,7,DAP,1.3
PO100576,VENDOR_B,Malaysia,88,2.1,MAT-1001,Sensor,Yes,PLANT_1000,2600,144.4,8,11,FOB,4.0
PO100577,VENDOR_B,Malaysia,88,2.1,MAT-1005,Housing Component,No,PLANT_1000,200,22.88,6,10,CIF,2.4
PO100578,VENDOR_A,USA,96,0.6,MAT-1006,Connector,No,PLANT_1000,700,9.39,4,11,DAP,0.5
PO100579,VENDOR_B,Malaysia,88,2.1,MAT-1002,Control Chip,Yes,PLANT_1000,500,154.0,8,5,FOB,2.4
PO100580,VENDOR_C,Vietnam,82,3.0,MAT-1001,Sensor,Yes,PLANT_1000,200,96.82,8,11,DAP,2.8
PO100581,VENDOR_B,Malaysia,88,2.1,MAT-1003,Optical Module,Yes,PLANT_1000,1200,148.8,9,3,DAP,1.6
PO100582,VENDOR_B,Malaysia,88,2.1,MAT-1003,Optical Module,Yes,PLANT_1000,900,141.6,9,4,DAP,2.5
PO100583,VENDOR_A,USA,96,0.6,MAT-1003,Optical Module,Yes,PLANT_1000,900,145.85,9,12,FOB,1.3
PO100584,VENDOR_B,Malaysia,88,2.1,MAT-1004,Battery Unit,No,PLANT_1000,2200,64.8,7,11,DAP,3.2
PO100585,VENDOR_A,USA,96,0.6,MAT-1006,Connector,No,PLANT_1000,2200,11.87,4,8,FOB,1.4
PO100586,VENDOR_B,Malaysia,88,2.1,MAT-1004,Battery Unit,No,PLANT_1000,900,53.1,7,10,CIF,3.2
PO100587,VENDOR_C,Vietnam,82,3.0,MAT-1003,Optical Module,Yes,PLANT_1000,1200,145.82,10,8,CIF,3.1
PO100588,VENDOR_A,USA,96,0.6,MAT-1001,Sensor,Yes,PLANT_1000,1200,121.33,7,1,CIF,0.6
PO100589,VENDOR_C,Vietnam,82,3.0,MAT-1005,Housing Component,No,PLANT_1000,900,25.44,6,6,CIF,1.9
PO100590,VENDOR_B,Malaysia,88,2.1,MAT-1002,Control Chip,Yes,PLANT_1000,300,148.4,8,4,CIF,1.8
PO100591,VENDOR_A,USA,96,0.6,MAT-1004,Battery Unit,No,PLANT_1000,200,48.2,6,4,FOB,0.6
PO100592,VENDOR_C,Vietnam,82,3.0,MAT-1006,Connector,No,PLANT_1000,400,8.47,5,11,DAP,1.9
PO100593,VENDOR_C,Vietnam,82,3.0,MAT-1002,Control Chip,Yes,PLANT_1000,1500,178.36,9,5,DAP,2.7
PO100594,VENDOR_A,USA,96,0.6,MAT-1004,Battery Unit,No,PLANT_1000,1200,57.47,6,7,DAP,0.1
PO100595,VENDOR_C,Vietnam,82,3.0,MAT-1001,Sensor,Yes,PLANT_1000,300,98.69,8,12,DAP,2.4
PO100596,VENDOR_C,Vietnam,82,3.0,MAT-1001,Sensor,Yes,PLANT_1000,1500,121.03,8,11,FOB,3.1
PO100597,VENDOR_A,USA,96,0.6,MAT-1003,Optical Module,Yes,PLANT_1000,500,135.96,9,2,FOB,0.7
PO100598,VENDOR_C,Vietnam,82,3.0,MAT-1005,Housing Component,No,PLANT_1000,300,22.85,6,8,FOB,2.4
PO100599,VENDOR_A,USA,96,0.6,MAT-1002,Control Chip,Yes,PLANT_1000,400,155.74,8,8,FOB,0.6
PO100600,VENDOR_A,USA,96,0.6,MAT-1002,Control Chip,Yes,PLANT_1000,400,155.74,8,4,DAP,0.9
